node,in_degree,out_degree,betweenness,pagerank
0.0,1,1,6.680020770411249e-06,0.00011791956354897618
562.0,23,2,0.09583009882486351,0.006769212075237353
1.0,1,1,0.0904387282835176,0.001089564528784332
1190.0,2,1,0.09147952005301946,0.0010415248288950445
2.0,2,1,0.01832512072494045,0.0007559108039511351
1341.0,1,2,0.01828236859200982,0.0007425493608872393
3.0,1,2,0.02161292339014292,0.00014205899558891621
652.0,2,1,0.002459657870118426,0.00034459773448025123
653.0,1,3,0.019718617944560295,0.00015130492944291556
4.0,1,1,0.003133375076040903,0.0014918521554973282
1162.0,1,1,0.0030906229431102708,0.0013604509022367539
5.0,13,1,0.000344911739112234,0.0017791822903344716
908.0,36,1,0.0007800260253609224,0.005561939357116645
6.0,45,1,0.0012425951969759989,0.008155683468699673
745.0,3,2,0.00125478252375935,0.0085290468449814
7.0,1,9,0.024345662214713057,0.0005254073388296524
96.0,1,2,0.0007808202056080704,0.00014876231529502862
102.0,2,2,0.0003309011915928258,0.00015377518837738334
104.0,2,1,0.00018171512056843722,0.00022850106688736467
105.0,3,1,0.0003417201736330377,0.00018930197323478086
107.0,5,2,8.790767644902881e-05,0.0008511502108345387
110.0,1,2,0.015404964281600621,0.0001457041090552721
118.0,2,1,0.03211763741364694,0.000217364710862419
130.0,6,1,0.0,0.0035948777006896806
135.0,32,1,0.0,0.04559287313249087
8.0,1,49,0.08093541029503487,0.0002743254814431082
11.0,1,3,8.096994873225757e-07,0.00010518629381618871
20.0,3,1,0.0008425542007342424,0.00019808778876184604
21.0,2,8,0.0037979125550078523,0.00011729913420827388
24.0,1,1,0.0015935284976684178,0.00010431830099700832
27.0,3,1,5.263046667596741e-06,0.00031171652321730544
28.0,1,24,0.019694512933775245,0.00010476268355178192
31.0,1,1,8.096994873225757e-07,0.00010348310667749522
32.0,2,6,2.9867789838611517e-05,0.00011125809223399446
37.0,4,1,0.0,0.0018615411689861037
39.0,3,2,0.0004817711949569326,0.0003448522807665385
41.0,1,1,8.096994873225757e-07,0.00010547564450554238
44.0,1,1,0.0,0.00010424853237211164
46.0,8,1,0.0,0.00607915270634997
49.0,2,1,0.000477844152443418,0.0007809425204767075
52.0,1,2,0.0009582793432462681,0.0001049423124154345
61.0,1,8,0.004517936233628342,0.00010515598308059369
62.0,1,5,0.0033385934111028093,0.00010493939700497363
65.0,7,1,0.0007941611613752583,0.0012939388092733776
66.0,4,1,0.0008426178199796701,0.00046832589661046265
67.0,2,1,0.0,0.0001374927680329149
76.0,2,20,0.05806961151813795,0.00258492741111861
79.0,20,3,0.0024079873057953802,0.005813691512699885
167.0,2,1,0.0,0.0001068357062103383
169.0,8,1,0.0,0.0032445041600166094
173.0,8,1,3.707411527578241e-05,0.000838324010350745
175.0,1,2,0.0004787348218794728,0.00010531690831656443
200.0,16,1,0.0,0.014161585502488392
327.0,6,2,0.013354891916344987,0.0004779128068668466
334.0,5,1,0.013940832235583253,0.0007516034856221587
335.0,2,2,0.015445544025344942,0.00104021075628526
339.0,10,2,0.04871726530043893,0.0020164572725272123
342.0,1,1,4.052545934049491e-05,0.00010443848746368596
387.0,3,2,0.0039525099722106894,0.00016789291751520425
475.0,17,1,0.0,0.014896129936583345
500.0,5,1,0.00749023306740913,0.00030022583790302604
600.0,29,1,0.04713215362894143,0.0040633414005833484
668.0,13,1,0.010871577936693,0.0021864782181403503
690.0,8,1,0.01774532673169147,0.0013329918497653806
744.0,30,1,0.0,0.09453409646788873
843.0,8,2,0.010403918165122572,0.00430022083919008
1018.0,18,1,0.017411897206059027,0.0055634073549369065
1202.0,22,2,0.10087464580821767,0.00610164912817347
1292.0,13,1,0.12747818114858311,0.002092098705350302
1418.0,6,1,0.008674716118962249,0.000541666209625158
1432.0,5,1,0.002449563616509805,0.00041534881465700544
1437.0,12,1,0.00480781028876733,0.0012620524431385246
9.0,4,1,0.0004952270509370883,0.0015832084171688095
10.0,1,1,2.2415180807379968e-05,0.00015621719190973908
12.0,1,1,0.006160074979409963,0.00046011956435073725
1160.0,13,3,0.21792792773289665,0.004371368631818564
13.0,1,1,0.0019381295627987896,0.00044756795477919804
1013.0,3,1,0.020262962940814023,0.005334952607953388
14.0,1,1,0.0005557777280982159,0.0030947289057902125
15.0,1,2,5.344016616329e-06,0.00019371855791129006
23.0,1,1,8.906694360548332e-07,0.0001962573750408169
33.0,1,1,4.453347180274166e-06,0.00016840339918377964
16.0,5,1,0.09048148041644823,0.0011623334558417714
17.0,1,1,0.000870184039025572,0.00014549792113962242
1261.0,1,1,0.0013061667279744128,0.00022367323297538152
18.0,1,2,0.0015507763647377858,0.00018867064297370498
1138.0,1,2,0.0014272532378060668,0.00017475273637304018
1144.0,2,2,0.0009726279893039931,0.0004199531381664128
19.0,1,2,0.00121531844549682,0.0001060111971148254
1184.0,1,1,1.0688033232658e-05,0.0001307825327008041
1186.0,3,2,0.017252806679647525,0.0005045484547738121
523.0,11,1,0.003560005735911168,0.001171158599899575
530.0,1,1,0.0,0.00011180272821493636
533.0,1,1,0.0,0.00011666670196353649
551.0,2,1,2.756922328804255e-05,0.00016172340480929552
552.0,1,1,2.489721497987803e-05,0.00011249068514828933
553.0,1,1,2.489721497987803e-05,0.00010960566511060108
554.0,1,2,0.0001961699432910771,0.00011282791331758285
22.0,1,1,0.0,0.0001041923414357749
25.0,21,1,0.00012447105368866294,0.0018922287857134532
26.0,1,1,4.453347180274166e-07,0.00011333086921064807
172.0,1,1,1.7813388721096664e-06,0.00010476415943672072
178.0,4,2,0.0004773988177253906,0.00035028962726482596
226.0,1,1,0.012186139224102228,0.00010329785029922293
279.0,2,3,0.0012965736526436994,0.0003762152456429777
325.0,2,1,0.0019149392875178913,0.00011656813958357468
326.0,1,1,1.4844490600913886e-07,0.00010347864713151087
1332.0,17,1,0.06596488034935874,0.005806764685680662
1404.0,1,1,0.0,0.00010334507134333167
29.0,2,1,0.0003761593918271587,0.00020195185158933984
30.0,1,2,0.0,0.0001492894145679243
34.0,1,3,0.0004355373542308134,0.00014072219466361083
35.0,1,1,2.226673590137083e-07,0.0001274769938220201
36.0,1,1,2.226673590137083e-07,0.0001156206941295875
38.0,1,5,0.0,0.00011643065604741798
40.0,1,1,0.0,0.0002796240225233618
42.0,1,1,2.226673590137083e-07,0.00011108382350699585
43.0,1,1,0.0,0.00011801590577187774
45.0,1,7,0.0,0.00011185781445852361
47.0,1,1,2.226673590137083e-07,0.00011386540312710457
48.0,1,5,0.00043509201951278607,0.00011319544864844964
50.0,1,1,0.0008661760265633254,0.00011989322881321786
53.0,2,1,8.906694360548332e-07,0.0007913507738827995
54.0,1,1,8.906694360548332e-07,0.00010825893393399578
784.0,1,1,0.001301713380794139,0.00020190924449123515
51.0,1,1,0.002871350731161141,0.0003190079190844483
56.0,1,1,0.0024024132730782748,0.00037159084954298743
55.0,1,2,0.000488532185676076,0.00014616849587920685
59.0,1,1,2.226673590137083e-06,0.0001920200938438964
58.0,1,3,1.8704058157151498e-05,0.0001587688809356728
74.0,1,1,0.0019325851455593507,0.0004158575559473929
57.0,2,1,0.052021558427498005,0.002917708057448291
60.0,1,2,0.0014892996741153652,0.0001798136825801772
80.0,1,2,0.0006736875169412752,0.00017898274773317193
68.0,2,1,0.0009629621052812837,0.0001307765963331367
70.0,3,2,0.001936434109908013,0.001362335507693842
408.0,1,1,0.0004809614954696099,0.00011597181730622319
409.0,3,1,0.0,0.0008295217919107962
410.0,3,1,0.0043252392263882795,0.00034534889260794853
411.0,2,3,0.0033517375327803468,0.0001221981165261878
63.0,1,2,0.0014618663486043715,0.00045407240049323273
64.0,2,2,0.0022193298085726584,0.0004362472610108499
69.0,1,1,0.0003334814813495306,0.00031987569025475435
72.0,1,1,0.000366555006408369,0.0004978065682097651
73.0,1,1,0.0004940246471984141,0.00021116016349408302
75.0,1,1,0.0004889775203941034,0.0007056383037593683
81.0,2,2,0.000848971261956866,0.0010760636236187894
71.0,1,1,7.1253554884386655e-06,0.0001985760749237443
77.0,1,1,2.4196519679489634e-05,0.00027948618664440573
78.0,1,1,4.898681898301582e-06,0.000699829467246958
84.0,2,1,4.646325558086047e-05,0.0019553896760605947
90.0,1,1,0.027893910957819512,0.00019047515191423733
171.0,1,3,0.0016127054588832878,0.0002029901707149109
247.0,1,1,0.002363688238383518,0.0001840533236905557
249.0,1,1,0.007607504543156347,0.00017107265207503883
270.0,1,2,0.0,0.00018379308091094832
271.0,1,1,0.0,0.00018490857730449914
273.0,3,1,0.0004974388800366243,0.0005490389736855284
274.0,2,1,0.0003431120213469988,0.00026494025502349003
277.0,5,1,0.0005361830005050096,0.0013732666432736554
278.0,3,2,0.000493876202292405,0.00043383609113951157
280.0,1,1,0.00033821333944869736,0.00024400771194847567
281.0,1,1,0.0028724089312768372,0.0002743552824682936
282.0,1,1,0.0004787348218794728,0.00018865717649366832
85.0,1,2,0.0016734819108621608,0.0018946073348642108
82.0,2,1,0.0005463663210572367,0.0005189876074602876
88.0,2,1,0.0004925401981383228,0.0005513989829223251
83.0,1,1,4.008012462246749e-06,0.00019375306391760354
144.0,4,2,0.0019257487756736476,0.0004582868783105256
97.0,1,3,0.0011015236880089487,0.0005727967170019336
86.0,2,1,0.0014468924988710766,0.00044772118150542673
140.0,1,4,0.000969493681145686,0.0004805967921267911
87.0,1,1,0.0004787348218794728,0.00011029068593321878
91.0,1,1,8.906694360548332e-07,0.0005688619267751305
89.0,1,1,0.0,0.0006666666666666666
93.0,1,3,0.02785115882488888,0.0002620665485955251
92.0,1,2,0.0,0.00016928191417214217
99.0,2,1,1.7813388721096664e-06,0.00018353254368431475
94.0,1,1,8.906694360548332e-06,0.00010903702526312284
95.0,2,1,1.33600415408225e-06,0.0002693376077065111
138.0,2,2,0.00047930161152059866,0.00017975811707428578
100.0,2,1,0.0,0.00024577768443410366
103.0,1,1,0.0,0.0002841608132729892
98.0,1,1,0.0,0.0001083555931936914
101.0,2,2,0.045645386354234666,0.0003231548262317899
124.0,5,4,0.04769508662642594,0.0008320394948201382
108.0,2,1,8.461359642520916e-06,0.0004449724640639252
106.0,1,5,0.030585389093820612,0.00036455435195781094
109.0,1,1,4.453347180274166e-07,0.00014329780120980818
111.0,1,1,0.029927407047935103,0.00018789278894914662
112.0,1,2,0.030770945226332034,0.0005277157860660216
113.0,2,2,0.031027458023915825,0.00022232175072295894
156.0,1,1,0.0014321964531761719,0.00021867729315908102
157.0,2,1,0.030813697359262666,0.0005033323099432601
114.0,2,2,0.000943785722423194,0.00021591403405105995
117.0,2,2,0.0009044748123136831,0.00018390911523100665
115.0,2,3,0.0009014789242105895,0.00014262869148444677
120.0,2,2,0.033406436087618285,0.00031124063916886124
116.0,2,2,1.2145492309838633e-07,0.0001325714804571192
119.0,1,2,0.00047918015659750027,0.0002074541718589684
121.0,1,2,0.032405768976210676,0.0002571688935965195
122.0,1,1,0.000477844152443418,0.00025835819665574706
123.0,1,1,0.000435092019512786,0.00031973115520501097
125.0,1,1,0.000477844152443418,0.00029448351899206943
126.0,1,1,0.045736383081618266,0.00020974623931515045
127.0,1,1,0.000435092019512786,0.0003504665797887276
128.0,1,1,0.045693630948687634,0.00027837210144214655
134.0,1,29,0.045650878815757,0.00033663611429816335
129.0,1,7,0.0,0.000112143752481927
131.0,1,1,1.4844490600913886e-07,0.00010649353258418912
132.0,2,2,1.4844490600913886e-07,0.00017184763729414932
133.0,1,1,1.4844490600913886e-07,0.00010905918298723931
137.0,1,1,1.2145492309838633e-07,0.00011353335788282263
139.0,1,1,1.2145492309838633e-07,0.00011051497601699545
141.0,2,2,0.0,0.0002204505487718877
143.0,2,1,0.0009654856686834392,0.0003478092221353523
145.0,1,1,1.2145492309838633e-07,0.00010720076842460901
152.0,2,1,1.9027937952080525e-06,0.000435540304860556
161.0,3,1,0.0028911129894339887,0.0002480966580148947
164.0,2,1,0.0009574696437589456,0.0001322849496795674
136.0,1,1,0.0,0.00018669141677995054
142.0,1,1,0.0004894228551121308,0.00020721895400866743
148.0,1,1,9.797363796603164e-06,0.0002761477258947569
153.0,1,1,0.00048407883849580185,0.00039566689840077367
146.0,1,1,6.2346860523838326e-06,0.0003859585704250672
147.0,1,1,0.0009699390158637133,0.00027812809721047404
149.0,1,1,0.000488532185676076,0.00033641746246540765
150.0,1,1,8.906694360548332e-07,0.00025470054687109237
151.0,1,1,0.0014504551766152958,0.00020956189415391062
159.0,1,1,1.7813388721096664e-06,0.00043634332581934026
154.0,1,1,0.0013039400543842757,0.00039168164441645234
155.0,1,1,0.0013466921873149078,0.0003430444219962979
158.0,1,1,0.0013894443202455398,0.0002859038772937871
160.0,1,2,0.002412823502272543,0.0003108919977959303
162.0,3,1,0.00048407883849580185,0.00034554376043126296
165.0,3,4,1.2024037386740248e-05,0.0005389652605537122
163.0,1,3,0.0,0.00016519635090158174
166.0,1,4,5.344016616329e-06,0.00011328932355274343
168.0,1,2,2.6720083081645e-06,0.00012384139141125052
170.0,1,5,0.0,0.00014264193499590464
259.0,2,2,2.226673590137083e-07,0.00018709842437885797
260.0,2,2,2.226673590137083e-07,0.00020292662015283488
174.0,2,3,0.0009981435480054498,0.0007346853993444902
176.0,2,1,2.0040062311233746e-05,0.0004695850834421985
181.0,1,1,0.0004953606513524964,0.0003207249325023796
177.0,1,1,0.0,0.00013592090949082912
179.0,1,1,0.0014737610268587308,0.0005543730629099943
180.0,1,4,0.0025200996876818134,0.0002907968531726389
186.0,3,1,0.001217842008898975,0.0003834095189867166
191.0,1,1,3.3400103852056245e-06,0.00015176069099092645
185.0,1,1,1.7516498909078387e-05,0.00037262346106142763
182.0,2,1,0.0019484878362759565,0.000534555138114527
183.0,1,1,0.0025628518206124466,0.00022446653251809168
184.0,1,2,0.0038100859209012315,0.00027426216153795705
187.0,1,2,0.0010459640141555365,0.00011929644252747773
188.0,1,1,1.7813388721096663e-05,0.0004021735721271281
190.0,1,1,1.8704058157151498e-05,0.0004418475364371299
189.0,1,5,0.0008363386004554882,0.00010820626996791082
201.0,2,1,0.0004983295494726792,0.001107073017465038
202.0,1,1,0.00021789591560627172,0.00011423874477243489
330.0,2,1,2.0040062311233746e-05,0.0005049751017661221
192.0,2,1,1.6032049848986997e-05,0.00035549832009151627
193.0,1,1,0.0,0.0006666666666666666
194.0,1,1,1.33600415408225e-06,0.00011322502868725879
195.0,1,1,5.344016616329e-06,0.00010917816656961891
196.0,1,1,1.33600415408225e-06,0.0001281983378458444
197.0,1,1,4.453347180274166e-07,0.00011714350275405392
198.0,1,1,8.906694360548332e-06,0.0010410161301152587
199.0,1,1,4.453347180274166e-07,0.00010737469586814673
332.0,1,2,0.0006529879351190579,0.00019710293305657498
203.0,1,1,2.3157405337425664e-05,0.00011302105531278876
205.0,1,1,3.518144272416591e-05,0.00019606789701587046
204.0,1,13,0.0004435533791553069,0.0001950354968479477
208.0,6,1,0.0014713859083625843,0.001257492081184196
213.0,1,1,0.0,0.00011137934746040164
218.0,1,1,0.0,0.00011180646687993844
239.0,1,1,4.631481067485133e-05,0.00026665771246354444
206.0,1,1,0.0009837443921225633,0.0011688710450530066
207.0,1,1,1.33600415408225e-06,0.0001928610822153512
209.0,1,1,0.0,0.00017240115959299982
210.0,1,1,0.0,0.00018638005303181024
211.0,1,1,1.7813388721096664e-06,0.0003795118180838312
212.0,1,4,0.0025669093147100293,0.00025970941365674607
711.0,2,2,0.037915091719230035,0.00020277810522538022
214.0,1,1,6.323752995989315e-05,0.0002714811570356532
215.0,1,1,0.0021331532993513255,0.0001878934278314659
216.0,2,1,8.906694360548332e-06,0.00040158774180301324
217.0,1,1,0.00048140683018763736,0.0003288374320796975
219.0,1,1,0.0005433083559934482,0.00020174124151630925
220.0,2,3,0.011733233815868344,0.0002462242890189625
234.0,2,1,0.0032928049050947182,0.0001697112812020486
237.0,1,2,0.007519476713892929,0.00021939598592065284
221.0,1,1,7.615223678268824e-05,0.000240835639416337
229.0,1,1,9.39656255037849e-05,0.0003047102935038864
222.0,2,5,0.0017341333919987602,0.00033498362409793025
317.0,1,1,9.352029078575749e-06,0.00015305954547792383
223.0,1,1,0.0009601416520671102,0.0002692204907359122
224.0,1,1,0.00011088834478882673,0.00035900374947830347
304.0,6,1,0.005717776148842342,0.0013738537474458363
225.0,1,1,0.0012968146988958371,0.00022805823514447556
227.0,1,1,5.744817862553674e-05,0.00016568898754863178
228.0,1,1,0.0008586053363568592,0.0001506567472287948
230.0,1,2,0.0004769534830073632,0.00013687733503226656
231.0,2,1,0.0,0.0010643326094954043
232.0,1,1,0.0,0.0006666666666666665
233.0,1,1,0.0,0.0006666666666666666
716.0,1,1,0.0028162967568053825,0.000244254591295764
235.0,1,1,0.0,0.0006666666666666666
236.0,1,3,0.0,0.00013976388145074125
238.0,1,1,4.898681898301582e-06,0.00012869536934711015
314.0,1,2,0.006580711128291135,0.00018545327212978916
316.0,2,1,0.0,0.0013402220721453425
240.0,1,1,8.906694360548332e-06,0.00020939106394583806
242.0,1,2,5.655750918948191e-05,0.00032665905559401277
241.0,1,2,0.0,0.0001498938952800875
246.0,3,1,1.1133367950685415e-05,0.0017116412683258696
256.0,10,7,0.007627062159523054,0.003998493638673179
243.0,1,1,0.0,0.0005112527424824655
244.0,2,1,0.000499739776079766,0.0010058296150061033
286.0,2,1,0.0005317296533247354,0.0013056219056466925
245.0,1,2,0.0005010015577808437,0.00020200095556500102
257.0,1,1,5.19557171031986e-07,0.00017546396094995004
294.0,6,1,0.001898461902950877,0.003188041186524213
248.0,1,1,0.00012992640398449878,0.00039598541637601457
250.0,1,1,0.0015016686691884489,0.00033215892230613125
251.0,1,2,0.0010118004793582905,0.0003824826415360988
252.0,1,1,0.0,0.0001615461772390638
253.0,2,1,1.1133367950685415e-05,0.00040603420017017275
254.0,3,2,0.0009512349577065619,0.0016897281410922708
255.0,2,2,0.0,0.0006683564271283496
295.0,3,1,6.45735341139754e-06,0.0014269009234037927
258.0,2,2,0.0005111700338424698,0.0008097144895517381
266.0,1,1,0.0015016686691884489,0.0004005096458031654
261.0,1,1,0.0,0.00020211987075409378
276.0,2,1,1.1133367950685415e-05,0.0003669731982132517
262.0,2,1,2.582941364559016e-05,0.0005728716641397723
263.0,1,1,0.0004974388800366243,0.0004239962473197692
264.0,1,1,2.2712070619398247e-05,0.0004610571359755643
265.0,1,1,0.0009712750200177956,0.0003806115024340121
268.0,1,3,0.0010118004793582905,0.00044062419945261445
267.0,1,1,0.001444220490562912,0.00032943719875560493
269.0,1,2,0.0019452220483437558,0.000383693844054961
272.0,1,1,5.789351334356416e-06,0.0002605180008657842
284.0,1,2,2.3602740055453078e-05,0.0005674954412664267
275.0,1,1,5.388550088131741e-05,0.0012699476071019924
283.0,1,1,0.002409260824528324,0.0003335154715403665
285.0,1,1,1.5920716169480144e-05,0.0004012541717854625
289.0,1,1,4.186146349457716e-05,0.0012105357062046284
287.0,1,1,0.0005026715629734465,0.00035425679643360885
288.0,2,2,0.001237065624227159,0.0005659655036092476
290.0,1,1,2.226673590137083e-06,0.00023768777511550427
291.0,1,1,2.226673590137083e-06,0.00022157104457840352
292.0,1,1,0.0004903135245481856,0.00014299298398401814
293.0,1,1,0.0004903135245481856,0.00016193984059815748
297.0,3,2,0.0014333097899712403,0.0029331783696717947
296.0,1,7,0.0021660833276676865,0.0005339226609150067
298.0,1,3,6.138196863477897e-05,0.00027481042079387864
299.0,1,2,0.004306955762131487,0.0009629080842076079
300.0,2,2,0.004778119893804493,0.0021002737351327435
301.0,1,1,0.005248393356041445,0.0012677876860987284
302.0,1,1,0.0005280927531275115,0.00020565771917925067
303.0,1,2,0.0,0.0001990016904044887
305.0,1,1,0.000993912868184189,0.00012430259974047334
306.0,1,6,0.002977211034919289,0.000179590353218092
307.0,2,2,0.0034645185501207894,0.0003174069825103337
308.0,2,1,0.00391642195523911,0.00022762252415936763
309.0,3,1,0.0028446868450796303,0.0002629649461060557
323.0,1,1,0.0010224885125909484,0.00011969509258011982
310.0,2,2,0.0007632047434283194,0.00027276673204103475
313.0,1,2,1.3805376258849914e-05,0.00015744485514823406
311.0,2,1,0.0028512555321705347,0.0003651895543163826
312.0,1,1,1.3360041540822498e-05,0.00021766956103296965
315.0,1,3,0.006096681771430669,0.00036839833115802454
319.0,1,1,9.352029078575749e-06,0.00023010061365623532
318.0,1,1,0.00654825117551047,0.0003157622135272755
320.0,1,1,8.461359642520916e-06,0.0002955855216078005
321.0,1,1,0.006998929910154215,0.0002538375905105208
322.0,1,1,0.0014379858045105282,0.00019908292448876538
324.0,1,1,0.0074487179753619055,0.00018098524968643468
379.0,1,5,0.013291209051667065,0.0002485886233061946
328.0,1,2,5.344016616329e-06,0.0002376843955903026
329.0,1,1,1.7813388721096663e-05,0.0005292288373938281
331.0,1,5,0.013898080102652623,0.0007388632643051337
333.0,1,2,0.00044310804443727954,0.00019426163122626856
684.0,2,1,0.0008539293218175713,0.0005480698691678783
336.0,1,1,8.016024924493499e-06,0.00011089603673678655
337.0,1,1,1.7813388721096664e-06,0.00010924833201806026
338.0,1,3,0.0006685958566651616,0.00011255872939944288
378.0,1,2,0.0009948777600732488,0.00012456048793505145
381.0,2,2,0.0008352994861134244,0.00019026265046826445
340.0,9,1,0.01867145824203089,0.0023952309795220498
341.0,1,2,1.2617817010776803e-05,0.00011117626279410323
345.0,1,12,0.0003887772088379347,0.0001409459216406097
343.0,1,1,1.2617817010776803e-05,0.00011334271768977954
344.0,1,8,9.32234009737392e-05,0.00011384647318455643
354.0,1,1,2.0040062311233746e-06,0.00011495114231575973
357.0,5,2,0.012800545267828756,0.0017221576199402324
366.0,3,2,0.009971585100220033,0.00017469617770137023
375.0,4,2,0.006015484881925438,0.0008556208470073475
393.0,2,1,0.0006619900583477548,0.00029661370103444007
347.0,1,1,2.226673590137083e-06,0.00010800667353442503
349.0,1,1,1.7071164191050966e-05,0.00010680668809476385
350.0,2,1,0.0008737467167697913,0.0002777529204137607
353.0,2,1,0.00043642802366686826,0.00020058204053448022
355.0,1,1,0.0,0.00011065275379639878
356.0,2,1,0.0004486005059596177,0.00022801782887138495
346.0,1,1,1.7813388721096664e-06,0.00031560710764504856
348.0,1,1,0.000435092019512786,0.0002455246505643224
351.0,2,2,0.003062492633421539,0.0006151407331759149
352.0,1,1,0.000477844152443418,0.00017116061196050084
384.0,1,2,0.0004370960257439094,0.0001977084709683958
358.0,1,2,0.003022041396534049,0.0004483250949659664
392.0,3,1,0.005309280508322861,0.0006474724409591095
359.0,1,1,8.906694360548332e-07,0.0001394515864613393
360.0,3,1,0.03359040916123919,0.0016789188563208987
382.0,1,2,0.03354765702830856,0.0015284647631998813
361.0,1,4,0.0,0.00013149016458891672
362.0,1,2,8.951227832351074e-05,0.00012984841292080956
427.0,2,1,9.018028040055187e-05,0.00016842406620259215
363.0,1,1,0.01091900608416292,0.0012670883970026267
364.0,1,1,0.0025865040423032355,0.00040979420174283983
365.0,1,1,5.4776170317372244e-05,0.0001993597942542253
423.0,1,2,0.0004920948634202953,0.0002694558384004311
367.0,1,1,0.01096175821709355,0.00137179797176987
368.0,1,1,0.0004395453666930602,0.00020468749727381831
370.0,2,1,0.0021500760186363675,0.00036446375252277005
369.0,2,4,0.005713300534926166,0.0005573061261737824
424.0,2,1,0.0005237136284002419,0.00034078554995734873
430.0,1,1,0.0,0.0001958801898970333
371.0,2,1,0.011004510350024182,0.0014957667613567061
372.0,1,1,0.010786073670831734,0.0017676168875903325
376.0,1,1,0.010743321537901102,0.0016027612161473295
373.0,1,1,0.0018747107179894148,0.0004148848844462051
374.0,2,1,0.0214833698656247,0.0013185649969636656
377.0,2,1,0.034303412311537,0.0008996539752554482
661.0,1,1,0.03426066017860637,0.0008661545006238955
660.0,1,2,0.0013244254514135371,0.00014588952615663688
386.0,1,1,0.0010846621873911095,0.00015167678584837032
380.0,2,1,0.005377023341180131,0.0007904144800071206
383.0,1,1,1.33600415408225e-06,0.0003135599022970384
385.0,1,2,0.006168776514115775,0.0006527989668808949
388.0,1,1,0.0057394738459373455,0.000650351620770375
389.0,1,1,1.7813388721096664e-06,0.0002512469438154227
390.0,1,1,0.001093074065398294,0.00035212168842685404
391.0,1,3,0.004282487093457648,0.0003935490555578521
394.0,1,1,0.0008586053363568592,0.00019832700541175515
395.0,1,1,0.0005199282832970089,0.0001971867338615228
396.0,1,1,2.1821401183343412e-05,0.0001897040937174381
397.0,1,6,0.0,0.00011141126934331014
398.0,2,1,0.0007849024405233218,0.00021296488541947076
399.0,2,2,0.0004448893833093892,0.00022121305779905086
400.0,1,1,0.0,0.00011727866236456012
403.0,1,1,0.0,0.00011454155380376752
404.0,1,1,8.439092906619545e-05,0.00011433733395473272
401.0,1,2,0.0,0.0001470827938456157
402.0,1,1,1.33600415408225e-06,0.00017793758093542693
405.0,2,1,0.0,0.0010711641519344308
406.0,1,2,0.0009583603131950005,0.00013925759845292887
416.0,2,1,2.8056087235727245e-05,0.00033753545698319323
407.0,1,1,9.797363796603164e-06,0.00021157776425657554
414.0,1,1,0.00047918015659750027,0.00013126794573840443
415.0,2,1,0.000523862073306251,0.00042024805525517
412.0,2,1,0.00012751417426185027,0.0005998874243145581
413.0,1,1,0.002585168038149153,0.000249115508041694
417.0,1,2,0.00222890026372722,0.0003432830334060029
418.0,2,2,0.0017955895830865437,0.0006076496823115841
419.0,1,1,0.0013613882330098125,0.00027579843801127314
420.0,1,1,0.0009262962134970265,0.00020682166431779992
421.0,1,1,0.008501662434502396,0.0008600881465040875
422.0,2,1,0.0,0.0014814386381757608
425.0,4,1,0.008076367778786214,0.0008942206189930092
426.0,1,4,0.0,0.00013561735189744357
428.0,2,2,0.0,0.0002210364012128118
429.0,2,2,0.0008862160888745591,0.0002233401894319458
433.0,1,1,4.453347180274166e-07,0.0001231617614984468
431.0,1,1,0.0006539740334232613,0.00032084520457887353
432.0,1,1,0.00022734337355299617,0.00025981765864563713
434.0,1,3,0.0,0.00011951733582009325
435.0,2,2,1.7813388721096663e-05,0.000439147619690997
436.0,3,2,0.005707855080957398,0.0007754970752362305
437.0,1,1,0.0008737467167697913,0.0002101938492234907
438.0,1,1,0.0,0.0006666666666666666
439.0,1,1,0.0004373186931029231,0.0001296398226158393
440.0,1,1,0.0,0.0006666666666666666
441.0,1,1,0.0,0.0006666666666666666
442.0,1,1,2.6720083081645e-06,0.0009561873383042231
448.0,3,1,4.008012462246749e-05,0.0014255451516388632
443.0,1,1,0.0,0.0006666666666666665
444.0,1,1,2.226673590137083e-06,0.00012130625709558948
445.0,1,1,1.2024037386740248e-05,0.001006599614330353
446.0,1,1,2.1376066465316e-05,0.001066464275978785
447.0,2,2,3.072809554389174e-05,0.002294792000799918
449.0,1,1,0.0008773093945140107,0.0002639140266694017
450.0,1,4,0.0,0.00013128545355003978
452.0,3,2,4.586947595682391e-05,0.0008210954868264636
451.0,1,1,4.008012462246749e-05,0.0004815676339232664
453.0,1,1,4.987748841907066e-05,0.00044160859616425475
454.0,1,1,0.0,0.0006666666666666666
455.0,1,1,0.00044132670556516984,0.00019283998796018836
456.0,2,1,5.344016616328999e-05,0.000401892064416132
457.0,1,1,3.1173430261919163e-06,0.00014002426205148103
458.0,1,1,8.906694360548332e-07,0.00021902064620633088
459.0,1,1,3.2064099697973994e-05,0.00028802881176013954
460.0,1,1,0.001788464227598105,0.0004686165390186297
463.0,1,2,0.002226673590137083,0.0004983242570314782
461.0,1,1,4.453347180274166e-06,0.00010922348662076252
462.0,1,1,0.0013293241333118386,0.00025367402936311953
464.0,1,1,0.0,0.0006666666666666666
465.0,2,1,0.0013493641956230722,0.00043366636222881257
466.0,2,1,0.00045914009428626654,0.00024654494371395536
467.0,1,1,5.789351334356416e-06,0.00014600361601630713
468.0,2,1,0.0008937867790810251,0.00018079292660316023
469.0,2,3,0.0004422173750012247,0.000164289940498336
470.0,1,2,1.0020031155616873e-05,0.00011080041225365135
471.0,1,2,2.4493409491507913e-05,0.00011422540692938128
472.0,1,1,5.566683975342707e-06,0.00011256192822773798
473.0,1,3,3.785345103233041e-06,0.00011301934701112561
474.0,1,1,0.0,0.00013506417179316675
477.0,2,1,0.0,0.0001559683743354929
476.0,1,1,0.0,0.00012988801547371426
478.0,1,2,1.33600415408225e-06,0.0001242656624681912
479.0,1,13,0.0018225323335272024,0.0001531840000413731
482.0,6,1,2.516141156854904e-05,0.0012124884213672298
490.0,1,1,7.1253554884386655e-06,0.00010836739556679206
493.0,4,1,3.829878575035783e-05,0.0005627904970846692
495.0,1,1,0.0016113694547292027,0.00010916434757312943
507.0,8,1,0.0004780668198024317,0.0005219679451052853
480.0,1,1,7.79335756547979e-06,0.0011306164562202225
481.0,1,1,0.0,0.00012850910882675963
483.0,1,1,1.33600415408225e-06,0.00028065438592491266
484.0,1,2,0.001368068253780224,0.00013377407590241993
485.0,2,1,4.453347180274166e-06,0.00021253413761395404
486.0,1,6,0.0009236242051888621,0.00022776279352803788
487.0,2,2,0.00046537478033865037,0.00042901190582939514
488.0,1,2,4.898681898301582e-06,0.00022382744667395532
489.0,1,1,6.2346860523838326e-06,0.0001456793288205923
491.0,1,1,2.0040062311233746e-06,0.00019360275736159693
492.0,2,1,2.8278754594740954e-05,0.0006188569299466023
494.0,1,1,0.0020491334825501533,0.00019278971961368514
497.0,1,4,0.002486006840935049,0.0002638712983382581
496.0,1,1,6.680020770411249e-06,0.00038075102839309536
498.0,1,1,3.711122650228472e-06,0.00013047332563963866
499.0,3,1,1.4250710976877331e-05,0.000330295326826969
659.0,1,2,0.007447480934478498,0.0003551920667174771
501.0,1,1,1.3656931352840774e-06,0.00011554675077186585
502.0,1,3,1.799152260830763e-05,0.00011692429943656736
503.0,1,4,4.5483519201200145e-05,0.0001818641052036713
504.0,1,2,7.190671247082687e-05,0.00017222624205551857
505.0,1,1,8.906694360548332e-07,0.00015342760689282525
508.0,5,1,0.0,0.006273870537559312
506.0,1,1,8.906694360548332e-07,0.00017409993113413067
509.0,1,1,1.7813388721096664e-06,0.0001878083927378084
510.0,1,8,0.002601660267206769,0.00010695379115128372
511.0,3,5,0.0019270820808294392,0.00039210265125201203
515.0,1,5,0.002211829099536169,0.00015166936846332723
512.0,1,1,2.226673590137083e-07,0.00014011256604619181
513.0,1,1,2.06338419352703e-06,0.00012699754397429291
514.0,2,1,0.003912265497870855,0.0011380946569314843
516.0,1,1,0.001037036113379844,0.0002050256866542691
517.0,2,2,0.0006055067716112775,0.00022686362275220034
518.0,3,1,0.0035185896071346185,0.0011087383781508838
519.0,2,1,4.453347180274166e-07,0.00011222615497416387
520.0,1,2,0.000873301382051764,0.00024425241350491567
524.0,3,2,0.0,0.00038175014465183075
521.0,1,2,5.344016616329e-06,0.0005824240707238211
522.0,1,2,1.1133367950685415e-07,0.00010377514388534879
525.0,2,1,0.0,0.000693937178488263
526.0,1,2,8.906694360548332e-07,0.00010351611259079326
527.0,1,1,1.1133367950685415e-07,0.0001038449461904539
528.0,1,11,1.361982012633849e-05,0.00010411558370704566
531.0,2,1,2.6720083081645e-06,0.00011025712695445889
534.0,4,2,0.0013481395251484969,0.0009874071598617146
535.0,2,1,1.4844490600913886e-07,0.00011158624881660398
602.0,5,1,0.0,0.007031427148238112
603.0,1,29,0.00041980219419384475,0.00011083449721421368
529.0,1,1,0.00013879598711854485,0.0001376583336618415
532.0,1,1,0.0004395453666930602,0.00016970872177048902
536.0,1,2,1.0242698514630582e-05,0.00013663525645862216
537.0,1,1,0.0,0.0001344758196929309
538.0,1,1,8.906694360548332e-07,0.0006516844945456799
601.0,2,1,0.00047561747885328093,0.0008525230997108336
539.0,1,1,0.0891928301873829,0.0009168464762480108
540.0,1,4,0.0004484520610536085,0.00019595879836466993
541.0,1,2,0.0015862822656136579,0.0005018405106678081
542.0,1,1,0.000435092019512786,0.0007179204256970389
543.0,1,3,0.002009795582457731,0.0007583919191449459
544.0,1,1,0.08923558232031353,0.0009659434679990275
545.0,1,1,0.0004787348218794728,0.0006521955803354977
546.0,1,1,0.00162903439854429,0.0004748955272926483
547.0,1,1,0.000477844152443418,0.0007305679901083848
548.0,1,1,1.1578702668712832e-05,0.0001128927039584352
549.0,4,1,0.00040226183806772937,0.0005124233048105233
550.0,5,1,0.0,0.005737181671889872
945.0,6,1,0.0008132183063445648,0.0009930748128598268
969.0,3,1,0.000552660385072024,0.0004922615485010375
555.0,1,6,0.00013300663578418842,0.00010316356442730203
594.0,2,2,0.04709741752093529,0.0035800355249385146
968.0,1,1,1.33600415408225e-06,0.00011327252656240168
974.0,2,2,0.0011520066930839222,0.00019307721960218035
556.0,1,5,0.09578734669193288,0.0036311181178376
557.0,1,1,6.53157586440211e-06,0.00011385308921875643
558.0,2,1,0.0004425142648132429,0.0002077628730810938
559.0,3,1,0.0020167724930401595,0.0010219075052873851
560.0,1,1,0.06751172004342566,0.0023487326475392857
561.0,1,1,0.0,0.00011545249342425864
563.0,1,3,9.352029078575749e-06,0.00011288852630182384
564.0,1,1,0.00044949117539567243,0.00014105291582520836
565.0,1,1,0.0,0.00013370169624785019
567.0,1,1,0.0009068499308098293,0.00021989497848942877
566.0,1,20,0.001364208686223986,0.00028691073176967196
570.0,5,1,0.001609291226045075,0.0009137082053310889
575.0,2,2,2.887253421877751e-05,0.00013403216129070951
579.0,1,2,0.0002755434345341636,0.00011076814110100618
591.0,5,1,0.04773558217186858,0.0031436456113199916
634.0,5,1,0.02299731810950236,0.004055362244767974
640.0,4,4,0.02387952618591468,0.003755376262432953
963.0,9,1,0.15007132777733947,0.0016680771060346928
568.0,1,1,0.0,0.0001513915173306949
569.0,1,1,1.2469372104767665e-05,0.000153136711655189
571.0,2,1,0.0675544721763563,0.002664195610941397
572.0,1,1,0.00043598268894884086,0.00021817303556494254
573.0,1,1,0.0010576996442963162,0.00012199338664442809
606.0,1,1,0.0015070423747859795,0.00020369437865511115
574.0,1,5,0.0006656566475261805,0.00013425511777924887
585.0,1,2,0.00045550319408904264,0.00015115291902591005
576.0,2,1,0.06757191445281235,0.002988568023728786
577.0,1,1,0.001009128471050125,0.0008546157407807283
578.0,4,1,0.011015939194025876,0.0006855863041041452
580.0,1,2,4.052545934049491e-05,0.00013394552336330203
642.0,1,1,0.0,0.00016802137368675347
581.0,2,1,0.04765809393093181,0.002471137001616756
582.0,1,3,0.0008746373862058462,0.00027060070642851797
612.0,3,2,0.0006441766696266582,0.0005703009417337975
614.0,3,1,0.0014753939208248313,0.0004430450714583722
615.0,3,3,0.002556443948836385,0.0006303508576756251
583.0,1,3,5.789351334356416e-05,0.00013026491768580915
584.0,1,1,0.04769283003893795,0.002765683290277792
586.0,1,1,0.021240472646884202,0.0036493599161212995
630.0,1,1,0.02119772051395357,0.0032028397444785425
587.0,1,2,2.4048074773480496e-05,0.00012734930418656446
588.0,1,1,0.0,0.0006666666666666666
589.0,1,1,4.898681898301582e-06,0.00013902710066463826
590.0,1,1,0.000435092019512786,0.001175348102947026
592.0,1,1,0.000477844152443418,0.0012666436670784157
593.0,2,1,0.021283224779814834,0.00417256197142637
595.0,1,5,0.0025948572492285214,0.0001839560942979872
1004.0,1,2,0.0029226236016967,0.00013159999912091966
596.0,1,1,4.453347180274166e-06,0.00016166500679572367
597.0,1,1,5.344016616329e-06,0.0001564714671811214
598.0,1,2,0.0021677812546402287,0.0001713189423800191
599.0,1,1,7.911053169529893e-05,0.0001667204453553358
604.0,1,1,0.0,0.00010340620290200759
607.0,2,1,3.711122650228471e-06,0.0002044781310193871
651.0,3,1,0.0091284583262769,0.0006981561217571134
605.0,1,4,0.0019554944358395883,0.0002731402218568445
608.0,1,1,0.0,0.00017717075502410908
609.0,1,1,0.000898068707738884,0.00017648528699427588
610.0,2,4,0.001483461194585923,0.0005223936031709337
611.0,2,2,0.00048212608110127683,0.0001865067741533782
613.0,1,2,0.0,0.0001828935721978804
616.0,2,2,0.010391974005232868,0.0004456270792615689
617.0,1,1,6.2346860523838326e-06,0.00012012768744766858
618.0,1,9,0.002128092034936919,0.00024752791763323615
619.0,3,1,9.352029078575749e-05,0.0003749675380628818
622.0,1,1,1.33600415408225e-06,0.00011342066416203098
623.0,2,1,5.344016616329e-06,0.00023525826609697715
626.0,4,3,0.001323534781977482,0.0006733031826334768
656.0,2,1,0.00604889452866431,0.0002656465015495053
629.0,1,1,0.0005232682936822145,0.00041873965889655906
620.0,1,1,0.00043820936253897796,0.0002999777251207301
621.0,1,1,0.0016885466682438589,0.000173562256039101
627.0,2,3,0.0005136335124017165,0.0002468514057317672
624.0,2,2,0.002614054709978027,0.0003794520869788474
625.0,3,3,1.580938248997329e-05,0.00043192584590325515
628.0,1,1,0.00021487400144822852,0.00012477581041099025
655.0,1,1,0.0006504113556790419,0.0002060594388493417
631.0,2,1,5.789351334356416e-06,0.000549941860178882
632.0,1,1,3.5626777442193328e-06,0.0001184784864062532
633.0,1,1,0.0004395453666930602,0.00020070671344531524
635.0,1,5,0.0,0.00011666979927145153
636.0,1,2,0.00048229749962369216,0.0009559462095500904
637.0,1,1,0.0013894443202455398,0.0008579705122549554
638.0,1,1,0.0013466921873149078,0.0008289708614206909
639.0,1,1,0.0013039400543842757,0.0008104928710485924
641.0,1,1,0.0014321964531761719,0.0008902083480468908
643.0,1,2,0.03417515591274511,0.0008126174949612911
645.0,2,1,0.043235374469169974,0.000555341827763845
648.0,2,1,0.0009579149784769731,0.001571656803254503
644.0,1,1,4.453347180274166e-07,0.0013106789445412226
701.0,1,2,0.04319262233623934,0.0005730478464316759
646.0,1,1,0.0,0.0006666666666666666
647.0,1,1,0.00047918015659750027,0.0014244741450539918
649.0,1,1,0.0024169057371877948,0.0003929147614681335
654.0,1,1,0.0023741536042571625,0.00043399057442791787
650.0,1,1,0.010103637800762972,0.0001355372989733917
657.0,1,1,0.03421790804567574,0.000837369757125199
658.0,1,1,0.0036804242436657805,0.00016286731020154237
662.0,1,2,0.003751974688362183,0.00020158870419560956
663.0,1,1,2.8352977047745558e-05,0.00020480495309706029
664.0,1,1,0.003794726821292815,0.00011951616130690471
665.0,1,1,0.010828825803762366,0.0019602721505652424
666.0,2,1,0.019997065244208197,0.001081156081737643
667.0,1,1,0.0005587466262183994,0.0001176152615377366
698.0,1,1,0.0005159944932877639,0.0001999729425978062
669.0,1,1,0.0005066424642091915,0.00012329999105175482
670.0,1,1,0.000435092019512786,0.0001960470501975131
671.0,1,1,0.0004591549387768674,0.0001981343237608381
672.0,1,1,0.018773456150710764,0.001135135360815779
673.0,1,9,0.008997386775874658,0.00017304893242079837
675.0,1,1,0.000477844152443418,0.00011299655543181006
677.0,1,1,3.1173430261919163e-06,0.00011691577717721625
1438.0,4,1,0.03934808977489856,0.00061780086013573
674.0,2,1,0.0,0.0003145625300031271
676.0,1,1,0.0010661115223035006,0.0003161127340399327
679.0,1,2,0.0010233593893728687,0.0003688059894682092
678.0,1,3,0.009572459867672292,0.0003886380092332382
680.0,2,1,0.00099265108648311,0.0005570958664150883
681.0,2,1,0.0011088636552341327,0.00025407792508967903
682.0,2,1,0.018816208283641396,0.001217215071523117
683.0,2,1,0.009615212000602922,0.00033957468778612106
685.0,1,4,0.0014321123343961014,0.0001599446897692742
688.0,1,1,1.7368054003069246e-05,0.00013206927087534162
686.0,1,2,0.0015175423778043592,0.0002230165772675632
687.0,1,1,0.017702574598760838,0.001233645435397514
689.0,1,2,0.035069699760846874,0.00013924356994705905
691.0,1,2,0.0018369215930830228,0.0001681888993347723
692.0,1,1,0.0015602945107349912,0.00014487065317385584
693.0,2,1,0.001034512549977689,0.0004951192304075066
694.0,1,6,0.04216694225816925,0.00034453142913488954
695.0,1,1,0.0005369252250350555,0.0003874097448396031
696.0,2,2,0.04322490910329633,0.0006238076967933538
697.0,1,1,0.0004589174269272528,0.00020048538476125387
699.0,3,2,0.00015965249641282885,0.0006373639294061247
702.0,2,2,0.0010708073294969232,0.0005652086138545578
700.0,1,1,2.3825407414466787e-05,0.00011821809971912219
703.0,1,1,0.0003322196996484528,0.00012273796326501258
704.0,2,1,0.0,0.0007968146605932503
705.0,1,1,0.0,0.0006666666666666666
706.0,2,1,0.019133230405876833,0.00026338281073418816
707.0,1,2,0.0,0.00015887757723406437
708.0,2,1,0.0,0.0011744557560992692
709.0,1,1,0.01869769305164602,0.00020404307710518243
710.0,1,1,8.906694360548332e-07,0.0001117826335061748
712.0,1,5,0.0,0.00012008468872915185
713.0,2,2,0.0,0.00015886301053522815
715.0,3,1,0.0018650617990988206,0.0004900700856018099
721.0,1,1,2.361758454605399e-05,0.00011545214560098603
714.0,1,1,0.002338897939079992,0.00030761640277229477
717.0,1,1,0.0,0.0006666666666666666
718.0,1,2,3.6072112160220743e-05,0.0001135614428900909
719.0,1,1,8.906694360548332e-07,0.00011264729615584028
720.0,2,1,0.0,0.0013050013448830948
722.0,1,1,0.009247380368002872,0.0002653372829738309
723.0,1,1,1.33600415408225e-06,0.0006666666666666666
725.0,1,1,1.33600415408225e-06,0.0006666666666666666
724.0,1,1,1.33600415408225e-06,0.0006666666666666666
726.0,1,1,1.33600415408225e-06,0.0006666666666666666
727.0,1,1,0.0,0.0006666666666666666
728.0,1,1,0.009290132500933497,0.00019455020455944863
729.0,1,1,0.009332884633864124,0.00011122825073099243
730.0,3,2,0.007197652929108523,0.0005070185343249197
739.0,1,4,0.007152054365105166,0.0002804871843118415
731.0,1,1,6.197574825881547e-07,0.00011421783042004793
732.0,1,1,3.3400103852056245e-06,0.00016738678259246137
734.0,5,1,4.238102066560915e-06,0.0007633822059164223
733.0,1,3,0.00048675084680396634,0.00015565888826491858
737.0,1,1,4.453347180274166e-07,0.00013124134302481484
746.0,3,1,0.00048185216490566476,0.00047147025798549433
735.0,1,1,0.0,0.0001162480487875341
738.0,2,1,0.0004805161607515825,0.00021280567554765026
736.0,2,1,0.0010543087385147644,0.00028131634896417704
750.0,1,1,0.001011556605584133,0.0003389566292479118
743.0,1,1,2.6720083081645e-06,0.0002808485585329769
789.0,1,1,0.00566129639650839,0.00014555758959055622
740.0,1,1,1.7813388721096664e-06,0.0005005879713885537
741.0,1,2,6.197574825881547e-07,0.00010983202133828425
742.0,2,2,0.001382318964757101,0.000206748845279502
803.0,2,1,0.0005130255951675839,0.002733914760697735
747.0,1,1,0.0002442104259982846,0.00035613784758625565
748.0,1,27,0.06976464911943253,0.0004138726105630819
752.0,3,1,9.526451843136486e-06,0.000423543818415673
762.0,11,2,0.005034282078657903,0.007093997231333332
774.0,3,3,0.0009848577289176318,0.00045971747213810536
795.0,1,3,0.0007384858390557784,0.00011345630231630868
798.0,1,1,0.0,0.00011009983889003847
806.0,1,4,0.02092617979027791,0.0001104779179025672
807.0,6,1,0.05951447976146672,0.004914828424363287
829.0,10,1,0.021119011843825267,0.003668458894866209
847.0,4,1,0.002690712366321651,0.0006436725861491546
871.0,8,4,0.00817560708629607,0.0009766682875734073
987.0,5,2,0.05933077246126827,0.000761333497398137
749.0,1,1,0.024388414347643685,0.0005006255092495591
751.0,1,1,0.0,0.0006666666666666666
753.0,1,1,0.06980740125236316,0.00036929236522442765
754.0,1,1,0.0010341350757881232,0.0002004171931953396
755.0,1,1,0.0004644098884495909,0.0003224883545166793
756.0,1,3,0.001505165607045722,0.0003836838425169439
757.0,3,1,0.0007220545784417026,0.00030158747312083203
758.0,1,1,0.000942254040893009,0.0002613419906258884
759.0,2,1,0.06985015338529378,0.0003161290861595776
760.0,2,2,0.0016806932258354701,0.0009380875701886871
765.0,2,3,0.0011772608827187267,0.00042385454989254457
761.0,1,2,0.06027059272623051,0.00042711146583184975
769.0,2,2,0.009920037606608364,0.0030598453454312876
763.0,2,2,0.06246141687156642,0.001260413883389542
764.0,1,2,4.453347180274166e-07,0.00014125585546037898
766.0,2,2,0.009877062806318717,0.0008181836765509254
767.0,2,8,0.009786659858559152,0.00044772475064951616
770.0,4,2,0.002385250921302101,0.0009523076658542894
768.0,1,1,0.00045179207143881413,0.00024231852779663517
771.0,3,3,0.007714684946257212,0.0005895551039164261
772.0,1,1,6.828465676420388e-06,0.00019022943254080277
773.0,1,1,0.0017363600655888975,0.00027162285781754986
775.0,1,1,0.004901146083741339,0.00020413472940664247
776.0,1,2,0.003171673861791261,0.0002976182019412867
777.0,1,1,0.056719864796945,0.0012290770143442622
778.0,1,1,0.05676261692987563,0.0013248352175753084
779.0,1,2,0.005833884806159158,0.00023407267265023108
780.0,1,3,0.012411993907312088,0.0005384728424697012
781.0,1,1,0.003339397519807955,0.00025683025598134874
782.0,5,1,0.056805369062806255,0.0014355451713263514
783.0,2,1,2.449340949150791e-06,0.0002812591298049895
785.0,2,1,9.507896229885345e-05,0.00016749172780936445
786.0,1,1,0.0058766369390897905,0.0001577406520523219
787.0,2,7,0.006965904452969706,0.00036254965234423705
788.0,2,2,0.0011482955704336937,0.00034281479837681734
790.0,3,1,0.012454746040242725,0.0005142511023342648
791.0,3,2,0.059636362572187046,0.0016342148836657705
792.0,1,1,9.12936171956204e-06,0.00013738872371847713
793.0,2,1,6.2346860523838326e-06,0.0003597044253670539
794.0,2,2,0.001739032073897062,0.0002810134455487162
796.0,1,3,0.002169670746229574,0.0002014272665396737
797.0,1,1,0.0011822894539097865,0.00022096220843752386
799.0,2,1,0.0012250415868404186,0.00014231649339868998
800.0,2,1,0.059443263317808824,0.0017072699966048902
801.0,2,1,0.0004809614954696099,0.00014384858633094514
802.0,1,1,4.453347180274166e-07,0.0024234344438981616
804.0,1,2,0.059471727628536086,0.004290481089746759
805.0,1,1,4.453347180274166e-06,0.0001488870277371753
984.0,2,2,0.019548907952325115,0.00012716302362549125
808.0,3,1,0.00024451102693295315,0.004959055713729791
809.0,1,2,4.898681898301582e-06,0.0002625928697111347
810.0,1,1,0.0004359826889488409,0.00015575790359257218
811.0,1,2,0.0004359826889488409,0.00011471324144965305
812.0,1,6,0.0,0.00012024052329592391
814.0,1,2,6.68002077041125e-07,0.00011835122848153204
816.0,2,1,0.0,0.0008044203573829804
813.0,2,2,5.344016616329e-06,0.0003588358366059544
815.0,2,1,0.0031532900205027844,0.0005732179688525181
900.0,1,2,0.0031105378875721525,0.0005872887872197899
817.0,1,1,4.453347180274166e-07,0.00022550940503493423
823.0,1,1,0.0004364280236668683,0.000291705634242314
818.0,1,1,0.0019308462195175289,0.00030163201971868754
822.0,1,1,0.0018880940865868968,0.0003564063505985928
819.0,1,2,7.1253554884386655e-06,0.0002377709539122923
820.0,1,1,0.0021496306839183404,0.00034699587372105645
821.0,1,2,0.0008724107126157092,0.0003479497891059669
824.0,1,1,0.002192382816848972,0.00029056300681011197
825.0,1,1,0.010297949708647185,0.0015046440481103634
826.0,2,1,0.01357150130943253,0.0015483348002723251
827.0,1,1,0.002235134949779604,0.0002241776657855885
828.0,1,1,0.00197359835244816,0.0002371985547037109
830.0,1,1,0.010340701841577817,0.001651132101426833
831.0,1,2,0.0047297749223198385,0.0003074752424454173
832.0,2,1,5.344016616329e-06,0.0001620834751909321
833.0,1,1,0.018517345953705352,0.000321762727686439
855.0,1,1,0.01847459382077472,0.0003735599403289368
834.0,1,8,0.0,0.00011072693791887308
836.0,1,2,1.7813388721096664e-06,0.00010875158880911697
835.0,1,1,0.0026052081004603873,0.0006501756899751914
837.0,1,2,0.019613344383752042,0.000660755985748095
838.0,2,1,0.0009498989535524796,0.0003544140312239298
839.0,1,1,0.002647960233391019,0.0006472339501124329
840.0,2,1,0.010383453974508449,0.0018236317440936114
841.0,2,1,0.004772527055250471,0.00024406719835733928
842.0,1,1,0.0,0.00013183621670783186
844.0,1,2,0.006451267170251164,0.00013292558624371416
845.0,2,1,7.570690206466082e-06,0.0006274397914586384
877.0,1,2,0.00635195752813105,0.00014941941332835448
846.0,1,2,0.02002543380475795,0.0015979675851195555
848.0,2,8,0.018896355102156738,0.0003842895227610098
849.0,1,1,0.00043509201951278607,0.00024436915917979443
850.0,1,1,1.7813388721096664e-06,0.00018268576984284169
851.0,1,1,0.000477844152443418,0.00016980370646198272
852.0,2,5,0.018431841687844088,0.0005201008107056411
853.0,1,1,0.0019986091984691857,0.0001237093372265199
856.0,1,1,0.0019558570655385543,0.00020515368273226495
854.0,1,1,0.002091514503215762,0.00044662345437425724
857.0,10,1,0.020068185937688582,0.0017618481959599263
858.0,1,1,0.0,0.00017495081152021485
859.0,2,1,0.0028807663794851533,0.0001977158444615121
860.0,2,1,0.002134266636146394,0.0004076969971824046
861.0,1,1,6.680020770411249e-06,0.0001422568653680273
862.0,2,11,0.09872748073585731,0.0007889013324090157
864.0,5,1,0.09877023286878793,0.0007539676422483314
879.0,2,2,0.007996509014076579,0.0004294734373178615
1318.0,2,1,0.0018125419913527867,0.00026946552292803414
1319.0,1,5,0.014099269909652155,0.00021510548914410813
863.0,1,2,1.2692039463781374e-05,0.00021658850537275626
865.0,1,1,0.0013046080564613294,0.0002795878317627869
866.0,2,2,0.0009171668517774645,0.0004932916467769411
867.0,1,2,0.0008006376005602904,0.0002594315244201585
868.0,1,1,0.0,0.0003265698790580508
869.0,1,2,0.0008339337929781403,0.0001936312363825666
870.0,2,1,0.0025168413219949144,0.00029713188397389025
872.0,3,1,0.003035260415414163,0.00046650500031272503
882.0,1,2,0.002992508282483531,0.0004966188646414532
873.0,2,2,0.0027529712202226404,0.00030652433246440645
1316.0,2,1,0.0031729822976056528,0.000300587880725705
874.0,2,2,0.005078845592882086,0.0002840585343801472
875.0,2,1,0.00022779082891254045,0.00021791311023571528
876.0,1,1,0.006000989236853643,0.00015958872424900092
878.0,1,8,0.0,0.00011063192898761045
880.0,1,1,0.002186563776533414,0.0002910990142921139
881.0,1,2,0.0008563044403137176,0.00023297433686155633
883.0,3,2,0.002000018364755518,0.0002242206539436943
884.0,4,2,0.00838969680382424,0.001288249090289105
885.0,4,1,0.001820546352748971,0.0003013955188483817
886.0,3,1,0.008341490380918536,0.0002091299592727827
887.0,3,2,0.08291168724134211,0.00023473063194621015
888.0,3,1,0.0022293159094640457,0.0002248306528964735
889.0,1,1,0.0008990565732443496,0.00015644996170214695
890.0,1,2,2.1301844012311426e-06,0.00013254846349825832
897.0,11,1,0.006262926635431317,0.0012630662037057666
891.0,1,1,0.00048140683018763736,0.00019921475259564327
896.0,1,2,0.0004386546972570054,0.00026941757824023015
892.0,1,3,0.001081864354353093,0.00021609429242060258
893.0,3,2,0.0001287515685855118,0.00024949268930938396
894.0,2,3,0.0001287515685855118,0.0001859226610186569
895.0,3,1,2.1301844012311426e-06,0.0002611617135572042
898.0,4,1,0.00748843688404636,0.0003039434576626493
905.0,1,1,0.0074456847511157175,0.00035834526155205593
899.0,3,1,2.3617584546053988e-05,0.00033655534466459487
901.0,1,2,0.000763222062000687,0.00014683749558105441
902.0,1,1,7.570690206466082e-06,0.0003072063073649461
903.0,2,18,0.15681175820225138,0.0013550031579621638
1100.0,4,1,0.006162742758846892,0.002076334962958242
1103.0,2,1,0.0028237932245588453,0.00021776729304370655
1161.0,1,4,0.023187709304666744,0.0001631569326059983
904.0,1,1,5.789351334356416e-06,0.00017228216314649767
907.0,1,4,0.007402932618185074,0.0004045890799626303
906.0,1,12,0.016211705296484556,0.00041962357390029734
910.0,2,2,0.018090338671115615,0.00020656501872246664
913.0,2,2,0.0010514352692627307,0.000223763199483997
915.0,3,1,0.00016451406708462807,0.0015977264235951278
911.0,2,1,0.00048496950793185665,0.00024374939577644577
912.0,3,1,0.004425242848444073,0.00043272502725457275
909.0,1,1,0.15004828170568157,0.0014061560643722519
930.0,3,1,0.02264651734890461,0.0005938547609411345
914.0,1,1,3.377121611707909e-06,0.00013141913567961958
916.0,4,35,0.07563480484789513,0.0010531875548169816
936.0,4,1,0.0010584121798451604,0.0016609413721755616
949.0,4,1,0.016201419124818883,0.0011721247022277214
957.0,2,1,0.002140182165650858,0.00043577661982734236
961.0,1,1,0.0007536918990349004,0.0001225105036549227
978.0,3,2,0.0017952680809805925,0.0004339863211835251
917.0,1,1,0.0001839974609983277,0.0009275477807283713
918.0,1,1,0.016254457429415187,0.0003759529433665179
919.0,2,3,0.0014327456993284058,0.00021742198374903035
920.0,1,1,0.000579677357965687,0.0015133822272760684
921.0,1,2,1.1059145497680846e-05,0.00012617687207844711
922.0,1,1,6.067685533123551e-05,0.00022554291885004799
923.0,1,1,0.0008697387043075446,0.00027110344161092125
924.0,1,3,0.0007030128081233804,0.00020318926492480044
925.0,2,3,0.0038202519228810908,0.00046355383408618896
926.0,2,2,0.0031499054766457764,0.000593660165578478
929.0,1,1,0.0029887897375880028,0.00022587807601083467
935.0,3,1,0.0006627322828778008,0.0009730283599231321
960.0,1,2,0.002999233897046502,0.0003753916064475341
927.0,1,2,0.0005444365372791177,0.00011775218975373554
928.0,1,1,0.0009124908372381766,0.00020129848558460788
931.0,2,2,0.05059158511350874,0.0003331741463111807
932.0,2,1,0.01629720956234582,0.0003244535563748281
933.0,1,1,0.0009552429701688086,0.00011917461824647818
934.0,2,1,0.1500910338386122,0.0015367053716171634
937.0,1,1,0.002899367586528854,0.00035130941456542784
938.0,1,1,0.0007457649410540114,0.00012139914311108427
939.0,1,1,0.002943359234424663,0.0004112631076870928
940.0,1,2,0.00761220282443154,0.00012517000997390806
941.0,2,4,0.01630210824424412,0.0008397067908849157
950.0,3,2,0.016988652150366546,0.0007955326051916259
951.0,3,2,0.00017115697662853705,0.0005668515569949535
942.0,1,2,0.048132044408833986,0.0004673802717183997
943.0,1,3,0.0015577278276220426,0.00011726952189678048
944.0,1,2,0.01615866699188825,0.001096713448248557
946.0,1,5,0.0046539201055095505,0.00012177846136041505
947.0,2,1,0.002342319594163503,0.0004403888414362012
948.0,2,2,0.0020974300327202262,0.0009764146462414939
952.0,1,1,1.33600415408225e-06,0.0002852195200629615
953.0,1,1,0.002942119719459486,0.0002951043036407944
954.0,3,1,0.04817479654176464,0.0004320844487507099
955.0,1,7,0.016895119665892095,0.00015493669657373125
1137.0,1,1,7.816684622138361e-05,0.00011477926854602276
956.0,1,1,5.8116180702577864e-05,0.00017995115285540658
958.0,1,1,7.659757150071566e-05,0.0005184094131625134
970.0,2,1,0.0010257543005231505,0.0007366157511212616
959.0,1,3,0.033569769664259765,0.0003869939390008865
965.0,2,2,0.029137584365658404,0.0003299769616248696
966.0,1,1,0.0004787348218794728,0.00021790226334146998
962.0,2,1,0.016057143046586845,0.00023953980058011152
964.0,1,2,0.0005816071417438061,0.0001769144272711724
967.0,1,1,0.0,0.00016960965324869557
971.0,2,1,0.0018941347339407103,0.00036335474897699444
972.0,2,1,0.001899389683613434,0.0003308582978647821
973.0,1,8,0.02623547725008517,0.00038997931397327505
975.0,1,1,2.226673590137083e-06,0.00012928322250598779
999.0,2,2,0.047170262121664815,0.00046327198137795217
1001.0,2,1,0.024431166480574317,0.00047105027016710693
1002.0,1,1,0.0006702287506312619,0.0001387155975790349
976.0,2,1,0.014450882570706114,0.0009537661999359723
977.0,1,2,0.0023285216401499535,0.0001970865891040293
979.0,1,2,0.00039516033979632755,0.00016617750621756905
980.0,1,1,0.0005924860327127616,0.00023122071512590318
981.0,3,3,0.02857200007066904,0.0008305042017342781
982.0,1,1,1.0242698514630582e-05,0.00015719584276199902
983.0,1,1,0.0003474724137408918,0.000202313996638444
985.0,1,1,0.0013101047592666841,0.00013034343613501436
986.0,1,1,0.008237356279353125,0.0008795885268306212
988.0,2,1,0.001338651550096483,0.0002645098852524235
989.0,2,3,0.0011687067450099505,0.000246866629584139
990.0,2,2,0.0019411027022020013,0.00025888733235477886
991.0,2,1,0.0013456233839916414,0.0002972043067675708
992.0,1,3,0.017423302016123583,0.00015364550167872867
993.0,1,1,0.008280108412283757,0.0009170108487082498
994.0,1,1,0.0006352381656433936,0.00015434478317905833
995.0,2,5,0.02350120399679019,0.0003161160062371904
996.0,2,2,0.0029878227250574284,0.000271761759654424
997.0,2,2,0.001737925677383309,0.0002671397826940008
998.0,1,2,0.0029716676780006048,0.00026907763533645467
1000.0,1,1,0.008322860545214389,0.0009610644136438146
1003.0,1,1,0.02022021080788339,0.004633558000013292
1005.0,1,2,0.0008822080764123122,0.0002942829796549865
1006.0,1,2,0.008627552197364207,0.00023884597282781527
1007.0,1,1,0.0009249602093429443,0.00022855670276456837
1008.0,1,1,0.0009677123422735763,0.00015123343368185043
1009.0,3,2,0.17018062959872557,0.0007765478262497418
1010.0,1,1,0.003014419810931237,0.00019889605228890522
1011.0,2,1,0.00836561267814502,0.0010130226537373936
1012.0,3,2,0.03224859364613422,0.0003551523402480479
1014.0,5,2,0.012829965634438755,0.0008964589169997467
1015.0,1,2,0.001079194466686439,0.00012622863912309837
1016.0,2,3,0.019527842206401382,0.0002734743319279907
1017.0,1,1,0.16542456137242903,0.0004419677891829555
1019.0,1,3,0.004512080467657439,0.0002443285833933253
1020.0,2,1,4.230679821260458e-06,0.00021299819636551944
1023.0,2,4,0.008522051165622647,0.0006152638993058738
1021.0,1,1,8.461359642520916e-05,0.00012793362248906328
1022.0,4,2,0.008255666781789246,0.0008213367701355765
1024.0,1,5,0.013215782251002443,0.0002984483427490701
1027.0,1,1,0.0005107989215774469,0.00014249238014220567
1029.0,2,1,0.0,0.0010997434006851012
1025.0,1,1,0.0,0.0004113873620774812
1026.0,1,1,0.00046804678864681486,0.00022099913704879277
1028.0,1,18,0.01145668519725635,0.0005775820790603318
1032.0,2,2,0.004618663910172,0.0003370172386724776
1033.0,3,3,0.16717430685805182,0.0010260316138388623
1099.0,1,1,1.6032049848986997e-05,0.00013178310613593406
1106.0,4,1,0.004621916974255037,0.0009256963298251386
1030.0,1,2,0.02981610119381539,0.00036621732813972157
1031.0,1,1,0.004088805546263622,0.00016817152601166034
1034.0,1,1,0.008390551422354555,0.0010312964982327785
1035.0,1,1,0.0017916324660206431,0.00037685929984293114
1036.0,1,1,0.01684337601294037,0.0008069398805956474
1044.0,1,3,0.01680062388000974,0.0007863875267797954
1037.0,1,2,0.015226801443613998,0.0004914335247490797
1038.0,1,1,0.02985885332674602,0.00031302838257456217
1039.0,1,1,0.0,0.00019889844785405162
1040.0,1,2,0.013919530921731304,0.0003578316777412857
1041.0,1,1,0.0012493123289729127,0.00035876104750316707
1042.0,1,1,0.011499437330186981,0.0005617898390661248
1043.0,1,3,0.00477280256192723,0.00030895738676496684
1109.0,1,2,0.0021908241453358758,0.0002994961913609717
1045.0,1,1,0.001834384598951275,0.0003257114909180528
1046.0,1,1,0.016886128145871003,0.0008323006438135281
1047.0,2,1,0.00561078854739916,0.0006638992076012185
1048.0,1,1,0.001318190765361153,0.0018465658212574064
1049.0,1,1,0.015269553576544626,0.0004605898235770062
1050.0,1,1,0.011542189463117613,0.000542965269479126
1051.0,1,1,0.0012920644619035448,0.000304226370267486
1052.0,1,1,0.008433303555285187,0.0010955769766157674
1053.0,1,1,0.001877136731881907,0.00026551044306750635
1054.0,1,1,0.007529051410330519,0.0003823589452955485
1121.0,1,2,0.007486299277399887,0.0004250290128075284
1055.0,1,1,0.011584941596048245,0.0005209656435351183
1056.0,2,1,0.016928880278801635,0.0008650425434001977
1057.0,1,1,0.001360942898291785,0.0020421928120628145
1058.0,1,2,0.00371141954004049,0.00044752078370121636
1059.0,2,1,0.0022636019113087486,0.00041694619746254893
1060.0,1,1,0.015312305709475258,0.0004226581695494606
1061.0,1,1,0.007571803543261151,0.00033213761749585624
1062.0,1,1,0.001838787050735203,0.00035656973823243687
1095.0,1,1,0.0017960349178045712,0.00040309691860594243
1063.0,1,1,0.0009218428663167524,0.00023879445911217999
1096.0,1,1,0.0008790907333861205,0.00030298399662438236
1064.0,1,1,0.011627693728978877,0.0004951575553765953
1065.0,1,1,0.0013348165948341767,0.0002401551745715957
1066.0,1,1,0.0029544014147902284,0.00024626300174955404
1067.0,1,1,0.0037541716729711217,0.000408839839431393
1068.0,1,1,0.00033496593040962185,0.00021471562758428254
1069.0,1,1,0.00865977852613803,0.0004050339428255872
1070.0,2,1,0.0014036950312224172,0.002298009632484547
1071.0,1,1,0.015355057842405881,0.0003815731686971786
1072.0,1,1,0.011713197994840142,0.0004291335716264142
1077.0,1,1,0.01167044586190951,0.0004648501985076288
1073.0,1,1,0.0076145556761917825,0.00027307313928362747
1074.0,2,2,0.006786942808687607,0.0004038216243726668
1075.0,2,1,0.0018815391836658351,0.0003018205162452035
1076.0,5,1,0.00847605568821582,0.00117122530879275
1078.0,1,1,0.003796923805901754,0.00036333889642078384
1079.0,2,1,0.008702530659068662,0.0003587600633633416
1080.0,1,1,0.00299715354772086,0.00017206212978046432
1081.0,1,1,0.003882428071763018,0.00024684938279912963
1084.0,1,1,0.003839675938832386,0.00030982752168120983
1082.0,1,3,0.007651638627473878,0.00020911484354903633
1083.0,1,1,0.011755950127770774,0.0003871973902636139
1085.0,3,2,0.015639849394584425,0.002629768616847334
1086.0,1,1,0.007657307809122414,0.0002035919399476736
1087.0,1,1,0.0027810410916282126,0.00028509087607042865
1088.0,1,3,0.014597207188640998,0.00033633714112487966
1163.0,3,2,0.005626533780483321,0.0010514329857436754
1089.0,1,1,0.0017532827848739394,0.00044266797612434454
1090.0,1,1,0.0004197385749484121,0.00017326700975680832
1091.0,1,1,0.004579164841324412,0.0008871914216925333
1092.0,1,1,0.0027089710897607753,0.00021728047531521908
1093.0,1,2,0.003263522026742902,0.00019584152170212243
1094.0,2,1,0.011798702260701406,0.0003377729093855458
1097.0,1,1,0.0015733527143002623,0.00023007695656313373
1098.0,1,4,0.024165321861850317,0.0004686789960124626
1101.0,1,1,0.002751723222691407,0.0001379724193387557
1102.0,1,1,0.0039251802046936495,0.0001727551461543848
1104.0,1,1,0.014639959321571623,0.0002776395888514813
1105.0,1,1,0.007351078691874647,0.0006423409765818286
1107.0,1,1,0.001297705368331892,0.00027319229227545336
1108.0,1,1,0.0009645949992473843,0.00016327906908342898
1110.0,2,1,0.009797701616279401,0.003579259108875264
1111.0,2,1,0.0030382726482752146,0.00038493006106816367
1112.0,1,2,0.0017757326028260548,0.00023640088286137195
1113.0,1,5,0.007384540294330622,0.0002438261761556285
1114.0,1,2,0.03314091877305144,0.0006493006460555728
1115.0,1,1,0.02420807399478095,0.000433675881047443
1116.0,1,2,0.0013247477197186404,0.0002081249369435186
1117.0,1,1,0.0032221239234191813,0.0007221390673860456
1118.0,1,2,0.01597562417301169,0.00041279235436127273
1119.0,1,2,0.007436805625094923,0.0010364444746622016
1120.0,1,2,0.002783341987671354,0.00027818301707713126
1122.0,2,1,0.1611558885987517,0.00040179009086651414
1123.0,1,1,0.0013234117155645582,0.00023761452154399964
1124.0,1,2,8.059073947236145e-05,0.00017308838474963643
1125.0,7,1,0.0097814468990714,0.0038613072957170654
1126.0,2,1,0.03318367090598207,0.0006457948637460587
1127.0,1,1,0.001818484735756687,0.00016045785753994403
1128.0,2,1,0.02425082612771158,0.00039250789035138913
1129.0,2,1,0.003264876056349813,0.0007327150310027046
1130.0,2,1,0.016018376305942328,0.000368110535969416
1131.0,1,1,0.0006279961748716619,0.000465485746381754
1132.0,1,1,0.0028260941206019858,0.00020960750667380385
1133.0,2,1,0.0010720260236181404,0.0005136535320551262
1134.0,1,1,0.0012044077449051482,0.00028145431258479387
1135.0,1,1,0.007876316531363363,0.0004953984971304436
1136.0,2,1,0.0022955971976725397,0.0018303517775680176
1139.0,3,1,0.0018567736251799767,0.0004767292873812367
1140.0,1,8,0.21512633875452156,0.001288232564590121
1141.0,2,3,0.022812279766960736,0.00021398388035324733
1142.0,1,1,0.003435793400487262,0.0002817257032027211
1143.0,2,1,0.007479557758025555,0.0011025962430135081
1145.0,2,1,0.0011361527771221462,0.0006435728514811948
1146.0,1,1,0.0028688462535326176,0.00012895354270924968
1147.0,1,1,0.003047870810179639,0.0012582177738384474
1148.0,1,1,0.000670748307802294,0.000429445615062941
1149.0,1,1,0.0006673652098372278,0.00029480871411658854
1150.0,1,1,0.0009346091282335385,0.00027568593503119474
1151.0,1,1,0.00443474385258895,0.000666370074803969
1152.0,1,1,0.0008086165142582819,0.0005144196366722087
1153.0,1,1,0.08097816242796549,0.000205088113281502
1154.0,1,2,0.003386080261785564,0.00015180278645875205
1155.0,2,1,0.003478545533417893,0.00021379145482214502
1156.0,1,1,1.8887140207896106e-05,0.00015520529503497798
1157.0,1,1,0.0014624396286937657,0.0003504433318885255
1158.0,1,1,0.007919068664293994,0.0004654085369373237
1159.0,1,1,0.0026520286841364266,0.0005140522068279519
1164.0,3,1,0.0031761272089715353,0.0016380022045075911
1165.0,1,1,0.0012837886583935351,0.0004876058311208442
1166.0,1,1,0.000554160738943476,0.0003037349574960551
1167.0,1,1,0.00018920681687849112,0.0003378600864301559
1168.0,2,1,0.007961820797224626,0.0004313458228943811
1169.0,1,1,0.0009773612611641705,0.00020668770448741973
1170.0,1,2,0.005557618007952052,0.00038346985979486654
1171.0,1,1,0.08102091456089609,0.00012363271319581673
1172.0,1,2,0.09143676792008883,0.0009857155579584915
1173.0,1,2,0.0010515430685397074,0.00014256092703715203
1174.0,1,1,0.0015062457204570636,0.000316851823832913
1175.0,2,7,0.029946402694300666,0.0004706004804141232
1176.0,1,1,0.0,0.00014350703672516985
1177.0,2,1,0.0015051917616243978,0.00029329875148872134
1178.0,1,1,0.0004720548011090616,0.00021174821344893707
1179.0,1,2,0.08251931744215231,0.00015331730682370778
1180.0,2,2,0.002393201206339635,0.000473441231510526
1181.0,2,2,0.006875780899729649,0.00043417429173198986
1182.0,5,1,0.002590215164953464,0.0015715826925397267
1183.0,2,1,0.0017580701330927335,0.0004541744956194358
1185.0,2,1,0.10039093237256738,0.002425933644612075
1187.0,1,1,0.001939230094181637,0.0005180370760418017
1188.0,1,1,0.00068234725295819,0.00036746087392839976
1189.0,2,1,0.014285346000971371,0.00018649009908427468
1191.0,3,1,0.0056003701408826835,0.00033348274355030923
1192.0,2,4,0.08620988710670033,0.00024293770681576925
1193.0,1,2,0.0028479012877824414,0.00011584907203792358
1194.0,1,1,3.874412046838524e-05,0.00013146848640417294
1195.0,1,1,8.194158811704465e-06,0.00013744714614169235
1196.0,1,1,0.0007250993858888218,0.00031290956307678593
1197.0,1,2,0.002299676320830612,0.00020918571660764385
1198.0,2,1,0.0002907600977208572,0.0004607331403361774
1199.0,2,2,0.004566094620790651,0.00048267886570631507
1200.0,2,2,0.0010637133758155239,0.0002857444575350445
1201.0,5,2,0.01678072749116111,0.0009548777758906861
1203.0,1,2,0.0032598534936430974,0.0005872476099247939
1204.0,1,1,9.567274192288996e-06,0.00011549005167733664
1205.0,2,1,0.001981982227112269,0.0004917989075376479
1206.0,1,2,0.006300580909287558,0.0005093847459762811
1207.0,1,1,5.477980358430252e-06,0.00010950603110633133
1208.0,1,4,0.0004961028758825421,0.00020054919045112623
1291.0,1,1,7.392556319255116e-05,0.00014116249353584806
1209.0,2,2,0.004074515780138844,0.00022232234638312022
1210.0,1,1,0.00047720755217341723,0.0001070114099979758
1211.0,1,1,0.0,0.00012029223618318941
1212.0,7,1,0.07661194492837263,0.004079510419223238
1213.0,1,1,0.0001932752676238988,0.0001115113002300972
1214.0,1,1,0.005514431368427489,0.0011445375281538765
1290.0,1,2,0.005471679235496859,0.0010730383984752854
1215.0,1,1,0.0007748824093677048,0.00015603790846209828
1217.0,1,2,0.0007321302764370729,0.00023263099482231985
1216.0,1,2,0.0012140897104593396,0.00014426284294277448
1218.0,2,4,0.007791060830392354,0.0010925922116262238
1219.0,2,22,0.11635989139283286,0.00026928725399925023
1220.0,4,2,0.007865098274726057,0.0008762952309798751
1246.0,4,1,0.00369924847150875,0.001137110890902767
1274.0,6,1,0.007459626651704865,0.001068826235447415
1275.0,5,1,0.0039411380320896324,0.0006803800124627613
1287.0,1,6,0.004398137171933412,0.00011005795811994602
1424.0,7,2,0.04872185330835556,0.002155700415223663
1221.0,1,1,0.003302605626573731,0.000573246512194976
1222.0,1,2,0.002051402487407445,0.00045023094141365453
1234.0,2,2,0.002963357414065987,0.0005525474789590611
1223.0,1,1,0.0011683584296412084,0.000357492507556131
1224.0,1,1,5.850250078489469e-05,0.00014798167249682216
1225.0,2,2,0.015103481853778664,0.00040166258079886034
1241.0,1,2,0.014497863748487877,0.0002484595924589517
1244.0,2,1,0.005585684923311876,0.0013175074172689218
1226.0,1,2,2.1257310540508686e-05,0.00015711172804791314
1267.0,2,2,0.0006870290028688466,0.0001662431659723648
1268.0,2,1,0.0012697546062913807,0.00048051725942637103
1227.0,1,2,4.453347180274166e-06,0.00011170416223772736
1266.0,1,1,0.00039238442005395675,0.00015339853934567452
1272.0,1,1,5.250496325543241e-05,0.0001415499985621025
1228.0,1,1,5.967485221567382e-05,0.00011829316522612198
1229.0,2,11,0.0010745332966377527,0.00018139346759425728
1230.0,2,1,0.005557183501358121,0.001228719295785408
1232.0,1,1,0.0,0.00011795449889245345
1235.0,1,2,0.00027879808909841395,0.00011652016222071844
1237.0,3,2,0.005261435206198117,0.000731226969952606
1239.0,2,1,0.002453675540406258,0.0003565466846558788
1231.0,1,1,0.000435092019512786,0.00025022953567814104
1233.0,1,1,0.0020941546203380778,0.0004120018714802733
1236.0,1,1,0.012573588557912022,0.0003973718043125657
1238.0,1,4,0.10512498265035133,0.00024441384149825575
1240.0,1,1,0.003345357759504347,0.0005567469265672233
1242.0,1,1,0.0073741223858436,0.0009591117804504741
1243.0,2,1,0.014454491858074656,0.00030555314201885676
1245.0,2,1,0.0009391218533762162,0.000386653353986905
1247.0,3,1,0.00213690675326871,0.00036704215559822635
1248.0,1,1,0.001741258747487199,0.0002901222480431562
1249.0,2,1,0.0029211159071430826,0.0003392323052930075
1250.0,1,2,0.0010476509622357629,0.00025519216997674937
1251.0,1,2,0.0008346017950551814,0.0002303887584540676
1252.0,2,1,0.0033881098924349647,0.0005373330839189895
1253.0,1,2,0.11821961282835432,0.0005197300555279727
1254.0,1,1,0.000477844152443418,0.0001767324321033147
1255.0,1,1,0.0016210183736197962,0.00038906435181309775
1256.0,2,1,0.06353341958913675,0.0016999996238881204
1257.0,1,1,0.005065571083882356,0.0012052501173579434
1258.0,1,1,0.004873576661488664,0.000741488372153216
1279.0,1,2,0.004830824528558031,0.0007302881920760251
1259.0,1,1,0.007416874518774231,0.001008954848549356
1260.0,2,1,0.00641786706639911,0.001151345499026469
1262.0,1,3,0.0032652376034835707,0.00038012192978194157
1263.0,1,1,0.0020094324225983853,0.0002268994227751206
1264.0,1,3,0.12739267688272188,0.0016966087625243267
1265.0,1,2,0.0010445453049823918,0.0004406421537878124
1269.0,1,2,0.06863154464090691,0.003040986620664396
1270.0,1,1,0.0017270377254915198,0.0003797154544714425
1271.0,1,1,0.0012064117511362714,0.0003400757080139072
1273.0,1,2,0.0005326203227607902,0.00019616519939034458
1276.0,1,1,0.002083943813009296,0.0005559583173134195
1277.0,2,1,0.0019808816957294223,0.0004088944345116393
1278.0,1,1,0.1274354290156525,0.001878321627879306
1280.0,1,1,0.0020521845555290176,0.00014929227494994346
1281.0,1,1,0.0005753724556914222,0.00011313542975137791
1282.0,1,1,0.0007909144592166919,0.0002824420094279609
1283.0,2,1,0.0011480743168356894,0.0003501012356482098
1284.0,1,1,0.06867429677383755,0.003459954702180749
1285.0,2,2,0.000249610109454367,0.0002848902708951899
1286.0,1,1,0.0005072362438332274,0.0002199881195125213
1288.0,1,5,0.023088123581220456,0.000909102614522307
1289.0,1,2,0.0013249475790591317,0.00028500770902924893
1293.0,2,1,0.0006182744472890733,0.0002212199306373891
1294.0,1,2,0.0026674886909368966,0.00013100268197543719
1295.0,2,2,0.004275724014227915,0.000384381077084481
1296.0,2,1,0.06871704890676818,0.0039528633933569
1297.0,1,1,0.00037452649786105726,0.0002146376581505241
1298.0,2,2,0.003709502126671203,0.0004687377104773221
1299.0,1,1,0.0017697898584221597,0.00032905703489823616
1300.0,1,2,0.0008114790268624909,0.00022089449805166666
1301.0,3,1,0.02313087571415109,0.0009518650970867374
1302.0,1,1,0.002435203580036672,0.00012699355267038376
1303.0,1,1,0.002435203580036672,0.0001313425139339456
1304.0,1,1,0.0013676997119897638,0.00021765206429127883
1305.0,3,6,0.005015307992147916,0.00035260756966604275
1314.0,1,1,0.0001432892730473405,0.00013318812813193216
1306.0,3,1,0.002365733715277884,0.0006270705089867262
1307.0,1,4,0.005008775532682888,0.00014832702866178705
1308.0,3,1,0.0022561934150920177,0.0003406152291773444
1309.0,2,1,0.06854270036466044,0.004479147990731824
1310.0,4,2,0.007239037180185619,0.0005832421082023917
1311.0,1,2,0.0011015171453882106,0.0003286728188788781
1312.0,1,1,0.000980707023362325,0.00020427233969077496
1313.0,1,1,0.003617118117013716,0.0003265932076725007
1315.0,1,1,0.00038440303227419895,0.00014222882123725487
1317.0,1,1,0.0011102671664764234,0.0001939380740156765
1320.0,1,1,0.0008719653778976817,0.0002763828781394832
1321.0,1,1,0.0013324414763380304,0.0005023930578306717
1322.0,1,1,0.005436016053708667,0.00035956826233488683
1323.0,3,4,0.008935646812938267,0.0008301560250021905
1324.0,2,1,0.06593726959684104,0.00512086138947003
1325.0,1,1,0.012042968353539442,0.0003870579970573935
1326.0,1,1,0.001717839561076455,0.0003475968685285343
1327.0,1,2,0.00626159039599069,0.0003646140351346855
1328.0,2,2,0.004940305805457564,0.00046944765330984606
1329.0,1,2,0.0015396820687526866,0.00023389143571156607
1330.0,1,3,0.0006855241222433946,0.0001074574080546006
1331.0,1,1,0.00029531164691587615,0.00010395490591013829
1333.0,1,2,0.00017353704328821695,0.00010328713395763264
1334.0,2,1,0.006568319111405245,0.00027076609782987476
1335.0,1,1,0.0036598702499443477,0.00026657932939921035
1336.0,1,1,0.0004444440485913618,0.000207509268399392
1337.0,1,1,3.289539117162518e-05,0.00010564781328901957
1338.0,1,1,0.0009107094983660669,0.00047340359744784907
1339.0,2,2,0.0069210423138631625,0.0007016609283667729
1340.0,1,2,0.0006978872175830361,0.00021060780410474614
1342.0,3,2,0.007578183376124446,0.0006026010631331999
1343.0,1,1,0.0003104279874463112,0.00019231143466068195
1344.0,1,1,0.0020348948292159643,0.0002618172443134282
1345.0,1,1,0.0005128703805213558,0.00010648792904857432
1346.0,3,1,0.00357194743160554,0.0003281563689630093
1347.0,1,1,0.0011117154047283393,0.0001575193361312542
1348.0,3,1,0.0021917855077656315,0.0006135245933999204
1349.0,1,1,8.016024924493499e-06,0.0001905503494244819
1350.0,2,1,0.0017444651574569962,0.00044880452244496584
1351.0,2,2,0.010423988192375649,0.00038967916196878965
1352.0,1,1,0.0017492747724116924,0.0004503262311517174
1353.0,1,15,0.00240643153530784,0.00012753695805498683
1366.0,3,2,0.0057334906922118425,0.0005011023927934681
1379.0,1,1,1.6477384567014414e-05,0.00010778390735483975
1354.0,2,1,0.00044399871387333433,0.0003596941699325019
1355.0,1,1,0.00021741240934098477,0.0003621099963444478
1356.0,6,1,0.007624813219197014,0.0018900132070758435
1357.0,2,1,0.005737452332001945,0.00042367007570674975
1358.0,1,1,1.6032049848986997e-05,0.00012648149223457882
1359.0,3,1,0.002834700165831468,0.0005386906914882458
1381.0,1,2,0.003260440156265678,0.0005578870877650088
1360.0,1,1,0.00026947521884066134,0.0001301268283585249
1361.0,3,1,0.0004880868509580486,0.000439298349938646
1362.0,1,1,0.0010799992501411605,0.00011813173589245802
1363.0,2,1,0.004981547057929087,0.0005897046504213923
1364.0,1,4,0.0016454213666685534,0.0003200544246968892
1371.0,2,1,0.0013248707861315643,0.00041214850723731464
1373.0,2,1,2.0244355720342825e-05,0.00024963844467662115
1365.0,1,1,0.0008773093945140107,0.00029972804530462797
1367.0,1,1,0.0016069281651916161,0.00019037322860403317
1368.0,1,2,0.0007039930964243346,0.00016346316566812088
1369.0,2,1,6.129931181211474e-05,0.00031567735574704965
1370.0,2,3,0.0010791917676881483,0.00040173381697496276
1385.0,1,1,0.0014684143112441105,0.0002575904987868957
1372.0,2,2,0.010493608853293935,0.0007953065365528504
1374.0,1,1,0.0013124014140267967,0.00040142110948316825
1375.0,2,2,0.00047846762104865646,0.0005559990706962663
1376.0,1,1,1.33600415408225e-06,0.00019571914554724842
1377.0,1,7,0.0054652279263543695,0.0002080136308325721
1378.0,1,1,1.0799366912164852e-05,0.00016409530465052248
1380.0,1,3,0.005042865057531867,0.0002809397147945129
1382.0,1,2,0.0016520433589757063,0.0011821278425212733
1383.0,1,1,0.0012147826943360413,0.00025888755846692853
1384.0,1,1,0.0004426627097192521,0.00023497417094662116
1386.0,1,4,0.0027290107486085164,0.0003395999904883953
1387.0,1,1,0.0007832533525674747,0.0001869265393728571
1388.0,1,2,0.00015166616046953722,0.00013141059570549263
1389.0,1,1,0.00011574620433797579,0.0002921732834276652
1390.0,2,2,0.0034127299516905625,0.0003494306282597769
1391.0,1,1,0.0010040640256734478,0.00026504402016866424
1392.0,1,1,0.0008972455453910383,0.0001947424837251021
1393.0,1,1,0.000885805391301267,0.0002239119097230221
1394.0,1,1,0.0032282296359104133,0.00035221120841979234
1395.0,1,1,0.008631963986031619,0.0005604165296099046
1396.0,1,2,0.0008750827209238737,0.00026401447748586505
1397.0,2,1,0.0008799814028221752,0.00035461306998019795
1398.0,1,1,0.00411311145570122,0.0007867098095383584
1399.0,1,1,0.0005465537086528741,0.00019587105529195436
1400.0,1,1,0.0009668383487912484,0.00021245173322173032
1401.0,1,1,0.0004463738323694806,0.00016632169185030546
1402.0,2,2,0.004640444701510935,0.00042351464296910737
1403.0,2,1,0.04653730414126084,0.0010334766575466091
1405.0,1,1,7.1253554884386655e-06,0.00015879314229014257
1406.0,2,1,0.0014689690253502409,0.000296057611688812
1407.0,2,1,0.0016947954919063384,0.0012732329591135531
1408.0,1,1,0.0013106200751546871,0.00034396174904711784
1409.0,3,1,0.0022930280596596755,0.00028188234175105336
1410.0,1,1,0.0004502680370704537,0.00014577871732120252
1411.0,3,2,0.0025130211630268184,0.00040069425822164757
1412.0,1,1,0.0001470522928482576,0.00011883975552828432
1413.0,1,1,0.0,0.0001261167802771499
1414.0,2,1,0.0001492168195203864,0.00022574011045439318
1415.0,1,1,0.0005658546631344697,0.00019416943549254622
1416.0,2,1,0.004155863588631852,0.0008078929912440142
1417.0,1,1,0.0005304103251243801,0.00013229615673144746
1419.0,1,2,1.9743172499215467e-05,0.00018797431638106247
1420.0,2,1,0.0027953642899877637,0.00029671906872916746
1421.0,1,1,0.0001087896808319235,0.00011278947681406396
1422.0,1,1,0.0004395453666930602,0.00019295820880690007
1423.0,1,1,0.00043865469725700535,0.00018959599165482393
1425.0,2,2,0.0016662756020814934,0.00032489782759434835
1426.0,2,2,0.0021018729014555104,0.00037846739039936513
1427.0,1,2,4.453347180274166e-06,0.00012928521064844737
1428.0,1,1,0.00014527095397614794,0.00010740063769531674
1429.0,1,2,0.000452178028194438,0.00019242377875051213
1430.0,1,1,0.00012675463115943686,0.00011078757116770143
1431.0,1,2,0.00017010796595940588,0.00011053743712114984
1433.0,2,1,0.0013130694161038378,0.00041746608819384287
1434.0,2,3,0.002456926483847858,0.000392598397007226
1435.0,1,1,0.0008764187250779559,0.00028701382240837396
1436.0,2,3,0.0011216348653144523,0.0003114555344585025
1439.0,1,1,0.0004612628564421973,0.00011146174555894367
1440.0,2,5,0.0014273506909229345,0.00016918334181425935
1441.0,2,1,0.0011901487441478055,0.00019833612810983905
1442.0,2,2,0.0009353810417447861,0.00023543534699027883
1443.0,2,1,0.0010607397841076545,0.00023764220136929031
1444.0,1,1,2.226673590137083e-06,0.00010540704900567521
1445.0,1,1,2.226673590137083e-06,0.000185
1446.0,1,1,0.00109300726519059,0.00029867959322206857
1447.0,2,9,0.0009248979321818267,0.00020761364119415023
1448.0,1,1,9.960653193213219e-06,0.00010873385735354367
1449.0,2,1,0.0006713272429357295,0.0002846758660852612
1450.0,2,1,0.00022053293332944832,0.00014637468597274319
1451.0,1,1,0.00043754136046193683,0.00021244733643160962
1452.0,1,1,3.1173430261919163e-06,0.00010936259859635301
1453.0,1,1,3.006009346685062e-06,0.00013694756868458058
1454.0,1,7,0.00012368053636776624,0.00010856163249815955
1455.0,1,1,0.0004402133687701013,0.00024656346818486836
1456.0,1,1,0.00045246007351585526,0.000185
1457.0,2,1,0.0017710961735950357,0.0002994564703809707
1458.0,2,1,0.00044132670556516984,0.00022001626165691056
1459.0,1,2,2.968898120182777e-06,0.0001085481548728276
1460.0,1,15,0.0004894228551121308,0.000185
1475.0,8,2,0.0009113329669713053,0.0004560135189197697
1461.0,1,7,0.0001126696836609364,0.0001317161659923306
1462.0,1,1,1.7813388721096664e-06,0.00012562249747560304
1463.0,2,2,0.0007141610205646667,0.00022125930209168404
1464.0,2,2,0.0008793505119716362,0.0001749581991790093
1465.0,2,1,0.0005525739281487438,0.0001411222314446098
1466.0,3,1,5.121349257315291e-06,0.00017242760962925691
1467.0,2,1,0.00047784415244341813,0.00014288214361966292
1468.0,2,1,3.5626777442193328e-06,0.00012692604733729974
1469.0,2,1,0.00043598268894884086,0.00018520574623761237
1470.0,3,1,0.0004377375198020203,0.00019688771376643886
1471.0,2,1,0.0006383205180845975,0.00023374069790831596
1472.0,1,1,0.000353657835659633,0.00011628467663429105
1473.0,1,2,3.7323290653726336e-06,0.00011128672135980566
1474.0,2,1,2.449340949150791e-06,0.0001322909840371878
1476.0,2,2,0.0004481180600150879,0.0001354268407091971
1477.0,2,1,0.00042284531476703203,0.00014269555819145145
1478.0,0,1,0.0,0.0001
1479.0,0,1,0.0,0.0001
1480.0,0,1,0.0,0.0001
1481.0,0,1,0.0,0.0001
1482.0,0,1,0.0,0.0001
1483.0,0,1,0.0,0.0001
1484.0,0,2,0.0,0.0001
1485.0,0,2,0.0,0.0001
1486.0,0,4,0.0,0.0001
1487.0,0,2,0.0,0.0001
1488.0,0,1,0.0,0.0001
1489.0,0,2,0.0,0.0001
1490.0,0,2,0.0,0.0001
1491.0,0,1,0.0,0.0001
1492.0,0,3,0.0,0.0001
1493.0,0,1,0.0,0.0001
1494.0,0,1,0.0,0.0001
1495.0,0,2,0.0,0.0001
1496.0,0,3,0.0,0.0001
1497.0,0,8,0.0,0.0001
1498.0,0,3,0.0,0.0001
1499.0,0,3,0.0,0.0001
